alpha,CL,CDiw_vsp,CMy,CDo_vsp,CDtot_vsp,CDi,span_eff,CL_strips,CD_profile,CD_profile_cos3,M_dd,CD_wave,CD,CD_cos3,L_D,L_D_no_wave,n_stalled,max_cl_ratio,y_max_cl_ratio
-8.0,-0.203725633338,0.001821806384,-0.13747449664,0.004663182424,0.005929954473,0.0015026743730001567,0.9220771917123111,-0.20335404647821373,0.008233941948757281,0.005664053091828547,0.9519282532271045,0.00019809016004814758,0.009934706481805585,0.007364817624876851,-20.506457207477947,-20.923658343479637,0,-0.06447724328909908,12.43509
-7.0,-0.10432906603,0.000527323701,-0.140472169471,0.004473626377,0.004732549479,0.0004398371961303678,0.8266180897438696,-0.10416820211872999,0.00754493896264717,0.00519009426165425,0.9374787847660735,0.0002133574742865438,0.00819813363306408,0.005843288932071161,-12.725953332747354,-13.065997587836288,0,-0.020310911119978337,12.43509
-6.0,-0.004772286932,5.5385309e-05,-0.143521824348,0.004408210986,0.004314890499,5.180210038639085e-05,0.015030189006727448,-0.004820506186286811,0.007570256225904337,0.005207509774675936,0.9230060260117317,0.00023120581937005816,0.007853264145660786,0.005490517694432385,-0.6076819579075107,-0.6261152470506522,0,0.023517388767069543,12.43509
-5.0,0.094885267366,0.0004110693,-0.146623842296,0.004467685147,0.004681732845,0.00034077153496165903,0.880452752374363,0.09462838364957307,0.007877397169250747,0.005418789210529978,0.9085186173744664,0.00025233629123517116,0.008470504995447577,0.006011897036726809,11.201843032616772,11.54579210784082,0,0.10669264628739927,4.52598
-4.0,0.194582868604,0.001597895818,-0.149778345142,0.004652415395,0.005835645082,0.0013075510201180267,0.9655638882651035,0.19411387013175974,0.007916484251969653,0.005445676855973968,0.8940253870371951,0.0002777288145017784,0.009501764086589459,0.007030956690593773,20.47860448131197,21.09519997097322,0,0.20718481471506192,5.81226
-3.0,0.294512406798,0.003617864201,-0.153438914535,0.004962382087,0.007781448851,0.0029726478167088435,0.9729629432429587,0.29380326557679565,0.0079700649136273,0.005482534501341509,0.879498439582508,0.0003088840307957118,0.011251596761131855,0.008764066348846064,26.175165449883536,26.914021601017854,0,0.31211969313568233,7.06036
-2.0,0.394247437843,0.006471499043,-0.156951321542,0.005397166171,0.010518548015,0.005310882806532131,0.9759516725784193,0.3933093350835639,0.00795055683990203,0.005469115076479532,0.8649997680028438,0.00034782678865065924,0.013609266435084822,0.011127824671662323,28.969043976288553,29.728856621461023,0,0.4197974620736939,7.65911
-1.0,0.494151124671,0.010157473558,-0.161115106018,0.005955884059,0.014095225173,0.008374856010251458,0.9721640756402626,0.4929412905094887,0.007934912840408724,0.005458353712815558,0.8504765786105103,0.0003981027275526262,0.01670787157821281,0.014231312450619642,29.575947023400442,30.297861925308514,0,0.5286921472271678,8.23606
0.0,0.593621294887,0.014675886077,-0.164879491222,0.006637485374,0.018429253667,0.012087324832759594,0.9720487411767579,0.5921692569245213,0.007950620363213512,0.005469158773582455,0.8360164103544402,0.00046502754340916534,0.020502972739382272,0.018021511149751215,28.952937821878265,29.62485869091488,0,0.6384753743792334,8.23606
1.0,0.692831988073,0.02002290754,-0.168713353722,0.007440266254,0.023552218383,0.01647495739367227,0.9714655405544245,0.6911345262709669,0.008284035841043496,0.005698512220548575,0.8215939627688409,0.000558706327363804,0.025317699562079573,0.02273217594158465,27.365518986990118,27.983043636101776,0,0.7484903950961488,8.78817
2.0,0.791819167569,0.026191828737,-0.172786781692,0.008362216459,0.029453792796,0.021555183455262354,0.9698091005188363,0.7898701983653641,0.008848515031438077,0.0060868122745840365,0.8072040077944225,0.0006992517052957277,0.031102950191996156,0.028341247435142117,25.45800841017203,26.043514670274984,0,0.8588531061603393,8.78817
3.0,0.890504596109,0.033169558518,-0.17707363433,0.009400907936,0.036132479702,0.02732824994599762,0.9674525301795911,0.8882955407033004,0.009755362556478445,0.006710624363615972,0.7928579189316807,0.000933316432460558,0.03801692893493662,0.034972190742074145,23.423896170914748,24.013426309250246,0,0.9689550494640736,8.78817
4.0,0.988639731992,0.0409392966,-0.181232475061,0.01055352459,0.0435475123,0.033739940131304894,0.9657895802953628,0.9861662845102395,,,0.7785918271614645,0.0013990011821948644,,,,,11,1.0787672508117452,8.78817
5.0,1.086252648898,0.049485987921,-0.185406193776,0.011816793959,0.051718832166,0.04079927755299458,0.9641417052403153,1.0835112130189812,,,0.7644016513593976,0.0026077125443286072,,,,,16,1.188241419877344,8.78817
6.0,1.183252728698,0.058797820488,-0.189520550376,0.013187127511,0.060621583702,0.048480523116184455,0.9627276940705982,1.1802448665782472,,,0.7503005648556308,0.0045885781327335085,,,,,19,1.2973389244000617,8.78817
7.0,1.27957256024,0.06886046688,-0.193597661379,0.014660470562,0.070232312696,0.05675909171236923,0.9616036453278867,1.2762992323478655,,,0.7362983673378305,0.00725169964765373,,,,,21,1.4067648031396502,8.78817
8.0,1.376933636749,0.079829208572,-0.200272822821,0.016248637725,0.080781280943,0.06613655532901365,0.9555706148085725,1.373374304775115,,,0.7221448020543382,0.010716790337477565,,,,,23,1.5166735851393427,9.31306
9.0,1.471908275793,0.091377744807,-0.204502752542,0.017918281166,0.091803995417,0.0756430396447443,0.9546814941920551,1.4680825521347003,,,0.7083381577342014,0.014906200444037288,,,,,24,1.625220579945542,9.31306
10.0,1.566226589426,0.103620298,-0.20908422641,0.019677066749,0.103544803753,0.08577458510257668,0.9532659537978655,1.5621512949611644,,,0.6946269246901607,0.019912036611585658,,,,,24,1.7332653553612325,9.31306
