w_performance,w_space,w_complexity,winner,eta_out_te,score
0.0,0.0,1.0,Fowler + LE flap,0.75,1.0
0.0,0.1,0.9,Fowler + LE flap,0.7307715225219726,0.957791810767
0.0,0.2,0.8,Fowler + LE flap,0.7307715225219726,0.915583621534
0.0,0.3,0.7,Fowler + LE flap,0.7307715225219726,0.873375432301
0.0,0.4,0.6,Fowler + LE flap,0.7307715225219726,0.831167243068
0.0,0.5,0.5,Fowler + LE flap,0.7307715225219726,0.788959053835
0.0,0.6,0.4,Fowler + LE flap,0.7307715225219726,0.746750864602
0.0,0.7,0.3,Fowler + LE flap,0.7307715225219726,0.704542675369
0.0,0.8,0.2,Fowler + LE flap,0.7307715225219726,0.662334486136
0.0,0.9,0.1,Fowler + LE flap,0.7307715225219726,0.620126296903
0.0,1.0,0.0,triple-slotted,0.6276843166351318,0.603534842956
0.1,0.0,0.9,Fowler + LE flap,0.75,0.904403977478
0.1,0.1,0.8,Fowler + LE flap,0.75,0.860653977478
0.1,0.2,0.7,Fowler + LE flap,0.75,0.816903977478
0.1,0.3,0.6,Fowler + LE flap,0.7307715225219726,0.773375442762
0.1,0.4,0.5,Fowler + LE flap,0.7307715225219726,0.731167253529
0.1,0.5,0.4,Fowler + LE flap,0.7307715225219726,0.688959064296
0.1,0.6,0.3,Fowler + LE flap,0.7307715225219726,0.646750875063
0.1,0.7,0.2,Fowler + LE flap,0.7307715225219726,0.60454268583
0.1,0.8,0.1,Fowler + LE flap,0.7307715225219726,0.562334496597
0.1,0.9,0.0,triple-slotted,0.6276843166351318,0.543181395431
0.2,0.0,0.8,Fowler + LE flap,0.75,0.808807954957
0.2,0.1,0.7,Fowler + LE flap,0.75,0.765057954957
0.2,0.2,0.6,Fowler + LE flap,0.75,0.721307954957
0.2,0.3,0.5,Fowler + LE flap,0.75,0.677557954957
0.2,0.4,0.4,Fowler + LE flap,0.75,0.633807954957
0.2,0.5,0.3,Fowler + LE flap,0.75,0.590057954957
0.2,0.6,0.2,Fowler + LE flap,0.7307715225219726,0.546750885525
0.2,0.7,0.1,Fowler + LE flap,0.7307715225219726,0.504542696292
0.2,0.8,0.0,triple-slotted,0.6276843166351318,0.482827947906
0.3,0.0,0.7,Fowler + LE flap,0.75,0.713211932435
0.3,0.1,0.6,Fowler + LE flap,0.75,0.669461932435
0.3,0.2,0.5,Fowler + LE flap,0.75,0.625711932435
0.3,0.3,0.4,Fowler + LE flap,0.75,0.581961932435
0.3,0.4,0.3,Fowler + LE flap,0.75,0.538211932435
0.3,0.5,0.2,triple-slotted,0.75,0.507575234088
0.3,0.6,0.1,triple-slotted,0.75,0.490908567421
0.3,0.7,0.0,triple-slotted,0.75,0.474241900755
0.4,0.0,0.6,Fowler + LE flap,0.75,0.617615909913
0.4,0.1,0.5,Fowler + LE flap,0.75,0.573865909913
0.4,0.2,0.4,triple-slotted,0.75,0.53232253434
0.4,0.3,0.3,triple-slotted + LE flap,0.75,0.518640162008
0.4,0.4,0.2,triple-slotted + LE flap,0.75,0.516556828675
0.4,0.5,0.1,triple-slotted + LE flap,0.75,0.514473495341
0.4,0.6,0.0,triple-slotted + LE flap,0.75,0.512390162008
0.5,0.0,0.5,triple-slotted + LE flap,0.75,0.572779369177
0.5,0.1,0.4,triple-slotted + LE flap,0.75,0.570696035843
0.5,0.2,0.3,triple-slotted + LE flap,0.75,0.56861270251
0.5,0.3,0.2,triple-slotted + LE flap,0.75,0.566529369177
0.5,0.4,0.1,triple-slotted + LE flap,0.75,0.564446035843
0.5,0.5,0.0,triple-slotted + LE flap,0.75,0.56236270251
0.6,0.0,0.4,triple-slotted + LE flap,0.75,0.620668576345
0.6,0.1,0.3,triple-slotted + LE flap,0.75,0.618585243012
0.6,0.2,0.2,triple-slotted + LE flap,0.75,0.616501909678
0.6,0.3,0.1,triple-slotted + LE flap,0.75,0.614418576345
0.6,0.4,0.0,triple-slotted + LE flap,0.75,0.612335243012
0.7,0.0,0.3,triple-slotted + slat,0.75,0.7
0.7,0.1,0.2,triple-slotted + slat,0.75,0.7
0.7,0.2,0.1,triple-slotted + slat,0.75,0.7
0.7,0.3,0.0,triple-slotted + slat,0.75,0.7
0.8,0.0,0.2,triple-slotted + slat,0.75,0.8
0.8,0.1,0.1,triple-slotted + slat,0.75,0.8
0.8,0.2,0.0,triple-slotted + slat,0.75,0.8
0.9,0.0,0.1,triple-slotted + slat,0.75,0.9
0.9,0.1,0.0,triple-slotted + slat,0.75,0.9
1.0,0.0,0.0,triple-slotted + slat,0.75,1.0
