te_device,le_device,config,complexity,eta_out_te,eta_out_te_min,aileron_span_left,c_f_c,c_s_c,x_front_spar,x_rear_spar,swf_s_te,te_area_used,swf_s_le,dCLmax_te,dCLmax_le,CLmax_L,CLmax_TO,alpha_stall_L,alpha_stall_TO,perf_L,perf_TO,feasible,s_perf_L,s_perf_TO,s_le_spar,s_te_spar,s_te_area,s_complexity,s_performance,s_te_space,s_space,score,pareto,rank,status,reason
Fowler,LE flap,Fowler + LE flap,4,0.75,0.7307715225219726,0.25,0.3,0.15,0.15,0.7,0.6651000000000001,1.0,0.8051,0.9504484723116934,0.1972036765636955,2.5118166095470684,2.1675209648844516,16.490860207644566,17.285771422697486,1.0087616905811518,1.0837604824422258,True,0.044039774783552914,0.044039774783552664,0.6250000000000001,1.0,0.0,1.0,0.04403977478355279,0.5,0.5625,0.5355132582611842,True,1,feasible,
triple-slotted,none,triple-slotted,5,0.75,0.6276843166351318,0.25,0.36,0.0,0.12,0.64,0.6651000000000001,1.0,0.0,1.330992201785952,0.0,2.6951566624576313,2.295859001921846,19.153943199359396,19.18251998876144,1.0823922339187273,1.147929500960923,True,0.4141396691825567,0.4141396691825572,1.0,0.0,0.0,0.6666666666666667,0.41413966918255696,0.0,0.5,0.5269354452830746,True,2,feasible,
triple-slotted,LE flap,triple-slotted + LE flap,6,0.75,0.5223686885833742,0.25,0.36,0.15,0.15,0.64,0.6651000000000001,1.0,0.8051,1.330992201785952,0.1972036765636955,2.8923603390213266,2.4339015755164324,21.20421378463506,20.68183633922927,1.1615904975989262,1.2169507877582162,True,0.8122254050196819,0.8122254050196818,0.6250000000000001,0.0,0.0,0.33333333333333337,0.8122254050196818,0.0,0.31250000000000006,0.48601957945100505,True,3,feasible,
double-slotted,LE flap,double-slotted + LE flap,5,0.75,0.63943865776062,0.25,0.33,0.15,0.15,0.6699999999999999,0.6651000000000001,1.0,0.8051,1.0779096591487392,0.1972036765636955,2.639277796384114,2.2567437956703835,19.361807634547965,19.26861831420559,1.059950922242616,1.1283718978351918,True,0.30133964483090414,0.3013396448309036,0.6250000000000001,0.49999999999999956,0.0,0.6666666666666667,0.30133964483090386,0.24999999999999978,0.43749999999999994,0.4685021038325235,False,4,feasible,
Fowler,Krueger,Fowler + Krueger,5,0.75,0.7307715225219726,0.25,0.3,0.15,0.15,0.7,0.6651000000000001,1.0,0.8051,0.9504484723116934,0.1972036765636955,2.5118166095470684,2.1675209648844516,16.490860207644566,17.285771422697486,1.0087616905811518,1.0837604824422258,True,0.044039774783552914,0.044039774783552664,0.6250000000000001,1.0,0.0,0.6666666666666667,0.04403977478355279,0.5,0.5625,0.4244021471500732,False,5,feasible,
Fowler,slat,Fowler + slat,5,0.75,0.6528704738616944,0.25,0.3,0.2,0.2,0.7,0.6651000000000001,1.0,0.8051,0.9504484723116934,0.2902234387953371,2.6048363717787097,2.232634798446601,15.7750253325522,16.859256339561938,1.0461190248107268,1.1163173992233004,True,0.23181436976387104,0.23181436976387093,0.0,1.0,0.0,0.6666666666666667,0.231814369763871,0.5,0.25,0.38282701214351256,False,6,feasible,
triple-slotted,Krueger,triple-slotted + Krueger,7,0.75,0.5223686885833742,0.25,0.36,0.15,0.15,0.64,0.6651000000000001,1.0,0.8051,1.330992201785952,0.1972036765636955,2.8923603390213266,2.4339015755164324,21.20421378463506,20.68183633922927,1.1615904975989262,1.2169507877582162,True,0.8122254050196819,0.8122254050196818,0.6250000000000001,0.0,0.0,0.0,0.8122254050196818,0.0,0.31250000000000006,0.37490846833989394,False,7,feasible,
double-slotted,Krueger,double-slotted + Krueger,6,0.75,0.63943865776062,0.25,0.33,0.15,0.15,0.6699999999999999,0.6651000000000001,1.0,0.8051,1.0779096591487392,0.1972036765636955,2.639277796384114,2.2567437956703835,19.361807634547965,19.26861831420559,1.059950922242616,1.1283718978351918,True,0.30133964483090414,0.3013396448309036,0.6250000000000001,0.49999999999999956,0.0,0.33333333333333337,0.30133964483090386,0.24999999999999978,0.43749999999999994,0.3573909927214124,False,8,feasible,
triple-slotted,slat,triple-slotted + slat,7,0.75,0.475920295715332,0.25,0.36,0.2,0.2,0.64,0.6651000000000001,1.0,0.8051,1.330992201785952,0.2902234387953371,2.9853801012529684,2.4990154090785817,20.167053790358196,20.08471176092983,1.1989478318285012,1.2495077045392908,True,1.0,1.0,0.0,0.0,0.0,0.0,1.0,0.0,0.0,0.3333333333333333,True,9,feasible,
double-slotted,slat,double-slotted + slat,6,0.75,0.5761986923217775,0.25,0.33,0.2,0.2,0.6699999999999999,0.6651000000000001,1.0,0.8051,1.0779096591487392,0.2902234387953371,2.7322975586157554,2.321857629232533,18.417359181400542,18.728148003647032,1.0973082564721908,1.1609288146162664,True,0.4891142398112211,0.4891142398112218,0.0,0.49999999999999956,0.0,0.33333333333333337,0.4891142398112215,0.24999999999999978,0.12499999999999989,0.31581585771485154,False,10,feasible,
double-slotted,none,double-slotted,4,0.75,,0.25,0.33,0.0,0.12,0.6699999999999999,0.6651000000000001,1.0,0.0,1.0779096591487392,0.0,2.4420741198204183,2.1187012220757966,17.251360045941958,17.737373147837157,0.9807526585624169,1.0593506110378983,False,,,,,,,,,,,False,,discarded,"CL_max,L 2.442 < 2.49 with the TE device up to the aileron"
single-slotted,slat,single-slotted + slat,4,0.75,,0.25,0.28,0.2,0.2,0.72,0.6651000000000001,1.0,0.8051,0.7319604431489687,0.2902234387953371,2.3863483426159853,2.0796931780326933,17.868836190692143,18.0892181340335,0.9583728283598334,1.0398465890163466,False,,,,,,,,,,,False,,discarded,"CL_max,L 2.386 < 2.49 with the TE device up to the aileron"
Fowler,none,Fowler,3,0.75,,0.25,0.3,0.0,0.12,0.7,0.6651000000000001,1.0,0.0,0.9504484723116934,0.0,2.3146129329833727,2.0294783912898646,14.4974300084479,15.817079555667737,0.9295634269009528,1.0147391956449323,False,,,,,,,,,,,False,,discarded,"CL_max,L 2.315 < 2.49 with the TE device up to the aileron"
single-slotted,Krueger,single-slotted + Krueger,4,0.75,,0.25,0.28,0.15,0.15,0.72,0.6651000000000001,1.0,0.8051,0.7319604431489687,0.1972036765636955,2.2933285803843435,2.0145793444705444,18.89694777564477,18.645029579217358,0.9210154941302584,1.0072896722352722,False,,,,,,,,,,,False,,discarded,"CL_max,L 2.293 < 2.49 with the TE device up to the aileron"
single-slotted,LE flap,single-slotted + LE flap,3,0.75,,0.25,0.28,0.15,0.15,0.72,0.6651000000000001,1.0,0.8051,0.7319604431489687,0.1972036765636955,2.2933285803843435,2.0145793444705444,18.89694777564477,18.645029579217358,0.9210154941302584,1.0072896722352722,False,,,,,,,,,,,False,,discarded,"CL_max,L 2.293 < 2.49 with the TE device up to the aileron"
plain,slat,plain + slat,3,0.75,,0.25,0.25,0.2,0.2,0.75,0.6651000000000001,1.0,0.8051,0.5076134467367075,0.2902234387953371,2.162001346203724,1.9226502805441106,15.335084530582012,16.27583538209352,0.8682736330135437,0.9613251402720553,False,,,,,,,,,,,False,,discarded,"CL_max,L 2.162 < 2.49; CL_max,TO 1.923 < 2 with the TE device up to the aileron"
split,slat,split + slat,3,0.75,,0.25,0.25,0.2,0.2,0.75,0.6651000000000001,1.0,0.8051,0.5076134467367075,0.2902234387953371,2.162001346203724,1.9226502805441106,15.335084530582012,16.27583538209352,0.8682736330135437,0.9613251402720553,False,,,,,,,,,,,False,,discarded,"CL_max,L 2.162 < 2.49; CL_max,TO 1.923 < 2 with the TE device up to the aileron"
single-slotted,none,single-slotted,2,0.75,,0.25,0.28,0.0,0.12,0.72,0.6651000000000001,1.0,0.0,0.7319604431489687,0.0,2.096124903820648,1.8765367708759575,16.5057684488024,16.971204050427698,0.8418172304500594,0.9382683854379787,False,,,,,,,,,,,False,,discarded,"CL_max,L 2.096 < 2.49; CL_max,TO 1.877 < 2 with the TE device up to the aileron"
plain,Krueger,plain + Krueger,3,0.75,,0.25,0.25,0.15,0.15,0.75,0.6651000000000001,1.0,0.8051,0.5076134467367075,0.1972036765636955,2.068981583972082,1.8575364469819615,16.160503262622374,16.730056445706452,0.8309162987839687,0.9287682234909808,False,,,,,,,,,,,False,,discarded,"CL_max,L 2.069 < 2.49; CL_max,TO 1.858 < 2 with the TE device up to the aileron"
plain,LE flap,plain + LE flap,2,0.75,,0.25,0.25,0.15,0.15,0.75,0.6651000000000001,1.0,0.8051,0.5076134467367075,0.1972036765636955,2.068981583972082,1.8575364469819615,16.160503262622374,16.730056445706452,0.8309162987839687,0.9287682234909808,False,,,,,,,,,,,False,,discarded,"CL_max,L 2.069 < 2.49; CL_max,TO 1.858 < 2 with the TE device up to the aileron"
split,LE flap,split + LE flap,2,0.75,,0.25,0.25,0.15,0.15,0.75,0.6651000000000001,1.0,0.8051,0.5076134467367075,0.1972036765636955,2.068981583972082,1.8575364469819615,16.160503262622374,16.730056445706452,0.8309162987839687,0.9287682234909808,False,,,,,,,,,,,False,,discarded,"CL_max,L 2.069 < 2.49; CL_max,TO 1.858 < 2 with the TE device up to the aileron"
split,Krueger,split + Krueger,3,0.75,,0.25,0.25,0.15,0.15,0.75,0.6651000000000001,1.0,0.8051,0.5076134467367075,0.1972036765636955,2.068981583972082,1.8575364469819615,16.160503262622374,16.730056445706452,0.8309162987839687,0.9287682234909808,False,,,,,,,,,,,False,,discarded,"CL_max,L 2.069 < 2.49; CL_max,TO 1.858 < 2 with the TE device up to the aileron"
plain,none,plain,1,0.75,,0.25,0.25,0.0,0.12,0.75,0.6651000000000001,1.0,0.0,0.5076134467367075,0.0,1.871777907408387,1.7194938733873746,13.769323935780005,15.056230916916792,0.7517180351037698,0.8597469366936873,False,,,,,,,,,,,False,,discarded,"CL_max,L 1.872 < 2.49; CL_max,TO 1.719 < 2 with the TE device up to the aileron"
split,none,split,1,0.75,,0.25,0.25,0.0,0.12,0.75,0.6651000000000001,1.0,0.0,0.5076134467367075,0.0,1.871777907408387,1.7194938733873746,13.769323935780005,15.056230916916792,0.7517180351037698,0.8597469366936873,False,,,,,,,,,,,False,,discarded,"CL_max,L 1.872 < 2.49; CL_max,TO 1.719 < 2 with the TE device up to the aileron"
