alpha,CL,CDiw_vsp,CMy,CDo_vsp,CDtot_vsp,max_cl_ratio
-8.0,-0.16195629296,0.001077194364,-0.098090181901,0.005482775556,0.006354819711,-0.043643002485505546
-7.0,-0.082824424871,0.000316077221,-0.09949354253,0.005367365695,0.005588139177,-0.020037850339309965
-6.0,-0.003606528279,5.0776741e-05,-0.100920644497,0.005329443692,0.005317782776,0.00905936613932183
-5.0,0.075659860209,0.000283304087,-0.102373837262,0.005369477394,0.005544691908,0.05169765387541972
-4.0,0.154994637464,0.00101476521,-0.103957042697,0.005487699774,0.006269891005,0.09672919472246617
-3.0,0.234482752835,0.002245373733,-0.105880303942,0.005684108016,0.007508347036,0.14336940806154175
-2.0,0.313864435875,0.003974434368,-0.107767196174,0.005958454777,0.009246010771,0.19113286991259554
-1.0,0.393165676034,0.006200534302,-0.109717542092,0.006310261901,0.011486557879,0.23956237861999824
0.0,0.472360218909,0.008921576707,-0.11174488672,0.006738811213,0.014231495774,0.2882797550365009
1.0,0.551405138962,0.012134983735,-0.113855607067,0.007243136846,0.017476601255,0.3375559334765504
2.0,0.630972600266,0.0158376393,-0.117373951366,0.007822035312,0.021398388972,0.38684340084636865
3.0,0.709834647521,0.020025512058,-0.120074596215,0.008474068576,0.025708835264,0.4362832687680633
4.0,0.788396951913,0.024692427446,-0.12281480501,0.009197565952,0.030504845482,0.48577393687371684
5.0,0.867061296068,0.029829976725,-0.1263601973,0.009990612809,0.035856303522,0.5351404267519154
6.0,0.944990983024,0.03542906936,-0.129331181037,0.010851081263,0.041628955857,0.5845802946736101
7.0,1.022605836694,0.041481476853,-0.132505313208,0.01177660379,0.047893393827,0.6342515856555614
8.0,1.100037588163,0.047980575796,-0.136208431034,0.012764647757,0.054694131153,0.6835334085604953
9.0,1.176656930928,0.054918411782,-0.139368918736,0.013812468945,0.061899377255,0.73297327648219
10.0,1.252745388378,0.062288759473,-0.142546349652,0.01491739069,0.069536609751,0.7819051425642966
11.0,1.32830090414,0.07008604821,-0.145793287854,0.016076692489,0.077605888463,0.8306338079105677
12.0,1.403298850748,0.078311693042,-0.149094816035,0.017288103869,0.086088124072,0.8791536280561194
13.0,1.478170689895,0.086970956217,-0.153302461633,0.018549556543,0.095136491761,0.9274758919307201
14.0,1.552302198813,0.096056306268,-0.157308866255,0.019857611995,0.104525960111,0.9756118884641387
15.0,1.625304718354,0.105488338381,-0.161108154032,0.021198668864,0.114205134884,1.0234374394289198
16.0,1.697985552433,0.115319388498,-0.165274820488,0.022581698893,0.124359685309,1.0712347680692795
17.0,1.769817642336,0.125514014714,-0.169353885361,0.023997175503,0.134785146282,1.118721651141002
18.0,1.840880591201,0.136059992075,-0.173544940074,0.025440874427,0.14562725448,1.165892444179203
19.0,1.911278214138,0.146923206124,-0.178074094669,0.026907074664,0.156870582081,1.2126963469999237
20.0,1.981344450551,0.158087078911,-0.183848196139,0.028391070843,0.168790531673,1.259116426208511
