te_device,le_device,config,complexity,swf_s_te,swf_s_le,dCLmax_te,dCLmax_le,CLmax_L,CLmax_TO,S_prime_S_L,CL_alpha_L_per_deg,alpha_0L_L,alpha_stall_L,CL_alpha_TO_per_deg,alpha_0L_TO,alpha_stall_TO,margin_L,eta_out_te_min_L,margin_TO,pareto
triple-slotted,slat,triple-slotted + slat,7,0.6651000000000001,0.8051,1.2735200915082434,0.2750251100201494,3.1380742289518126,2.6735106684932948,1.246785,0.09856225071582257,-14.891484263957729,20.347015832794277,0.09270951306428579,-11.912489897856574,20.32501102439995,0.6480742289518124,0.38994669914245594,0.6735106684932948,True
triple-slotted,LE flap,triple-slotted + LE flap,6,0.6651000000000001,0.8051,1.2735200915082434,0.18751712046828364,3.050566239399947,2.6122550758069885,1.166275,0.0921976836051091,-14.891484263957729,21.59574873492968,0.08825431608678636,-11.912489897856574,21.086686568914565,0.5605662393999467,0.4324146938323974,0.6122550758069885,True
triple-slotted,Krueger,triple-slotted + Krueger,7,0.6651000000000001,0.8051,1.2735200915082434,0.18751712046828364,3.050566239399947,2.6122550758069885,1.166275,0.0921976836051091,-14.891484263957729,21.59574873492968,0.08825431608678636,-11.912489897856574,21.086686568914565,0.5605662393999467,0.4324146938323974,0.6122550758069885,False
double-slotted,slat,double-slotted + slat,6,0.6651000000000001,0.8051,1.0295404529245589,0.2750251100201494,2.894094590368128,2.5027249214847154,1.21353,0.09593333903694073,-14.891484263957729,18.67628243134836,0.0908692748890685,-11.912489897856574,19.02954699569182,0.4040945903681279,0.4627570438385009,0.5027249214847154,False
triple-slotted,none,triple-slotted,5,0.6651000000000001,0.0,1.2735200915082434,0.0,2.863049118931663,2.4809930914791902,1.166275,0.0921976836051091,-14.891484263957729,19.56188938905461,0.08825431608678636,-11.912489897856574,19.599371385386096,0.3730491189316627,0.5287427330017092,0.4809930914791902,True
double-slotted,LE flap,double-slotted + LE flap,5,0.6651000000000001,0.8051,1.0295404529245589,0.18751712046828364,2.8065866008162623,2.4414693287984095,1.13302,0.08956877192622728,-14.891484263957729,19.842947820562628,0.08641407791156909,-11.912489897856574,19.740653430211573,0.3165866008162621,0.5188467121124268,0.4414693287984095,False
double-slotted,Krueger,double-slotted + Krueger,6,0.6651000000000001,0.8051,1.0295404529245589,0.18751712046828364,2.8065866008162623,2.4414693287984095,1.13302,0.08956877192622728,-14.891484263957729,19.842947820562628,0.08641407791156909,-11.912489897856574,19.740653430211573,0.3165866008162621,0.5188467121124268,0.4414693287984095,False
Fowler,slat,Fowler + slat,5,0.6651000000000001,0.8051,0.906210086167971,0.2750251100201494,2.77076422361154,2.416393664755104,1.28004,0.1011911623947044,-14.891484263957729,15.8900000281581,0.09454975123950307,-11.912489897856574,17.04435856633621,0.28076422361153996,0.5172797870635987,0.4163936647551041,False
Fowler,LE flap,Fowler + LE flap,4,0.6651000000000001,0.8051,0.906210086167971,0.18751712046828364,2.6832562340596744,2.355138072068798,1.19953,0.09482659528399094,-14.891484263957729,16.80496807648261,0.09009455426200363,-11.912489897856574,17.628247368236444,0.19325623405967418,0.5844322586059572,0.3551380720687982,True
Fowler,Krueger,Fowler + Krueger,5,0.6651000000000001,0.8051,0.906210086167971,0.18751712046828364,2.6832562340596744,2.355138072068798,1.19953,0.09482659528399094,-14.891484263957729,16.80496807648261,0.09009455426200363,-11.912489897856574,17.628247368236444,0.19325623405967418,0.5844322586059572,0.3551380720687982,False
double-slotted,none,double-slotted,4,0.6651000000000001,0.0,1.0295404529245589,0.0,2.619069480347979,2.310207344470611,1.13302,0.08956877192622728,-14.891484263957729,17.74939315373376,0.08641407791156909,-11.912489897856574,18.221665002630086,0.1290694803479786,0.6493995666503907,0.3102073444706108,False
single-slotted,slat,single-slotted + slat,4,0.6651000000000001,0.8051,0.6970846816676701,0.2750251100201494,2.561638819111239,2.2700058816048934,1.08051,0.08541769232141344,-14.891484263957729,18.49807351374706,0.0835083221881994,-11.912489897856574,18.670500038033538,0.07163881911123893,0.666784143447876,0.27000588160489336,False
Fowler,none,Fowler,3,0.6651000000000001,0.0,0.906210086167971,0.0,2.495739113591391,2.2238760877409995,1.19953,0.09482659528399094,-14.891484263957729,14.827494142016244,0.09009455426200363,-11.912489897856574,16.171311536731288,0.0057391135913906766,0.7446551513671875,0.22387608774099954,True
single-slotted,LE flap,single-slotted + LE flap,3,0.6651000000000001,0.8051,0.6970846816676701,0.18751712046828364,2.4741308295593734,2.208750288918587,1.0,0.07905312521069997,-14.891484263957729,19.805581133078537,0.07905312521069997,-11.912489897856574,19.427585627704417,-0.015869170440626856,,0.20875028891858705,False
single-slotted,Krueger,single-slotted + Krueger,4,0.6651000000000001,0.8051,0.6970846816676701,0.18751712046828364,2.4741308295593734,2.208750288918587,1.0,0.07905312521069997,-14.891484263957729,19.805581133078537,0.07905312521069997,-11.912489897856574,19.427585627704417,-0.015869170440626856,,0.20875028891858705,False
plain,slat,plain + slat,3,0.6651000000000001,0.8051,0.48259708730838696,0.2750251100201494,2.347151224751956,2.119864565553395,1.08051,0.08541769232141344,-14.891484263957729,15.987029390098767,0.0835083221881994,-11.912489897856574,16.872579637799287,-0.1428487752480443,,0.11986456555339497,False
split,slat,split + slat,3,0.6651000000000001,0.8051,0.48259708730838696,0.2750251100201494,2.347151224751956,2.119864565553395,1.08051,0.08541769232141344,-14.891484263957729,15.987029390098767,0.0835083221881994,-11.912489897856574,16.872579637799287,-0.1428487752480443,,0.11986456555339497,False
single-slotted,none,single-slotted,2,0.6651000000000001,0.0,0.6970846816676701,0.0,2.28661370909109,2.077488304590789,1.0,0.07905312521069997,-14.891484263957729,17.433541824468094,0.07905312521069997,-11.912489897856574,17.767158111677112,-0.20338629090891036,,0.07748830459078881,True
plain,LE flap,plain + LE flap,2,0.6651000000000001,0.8051,0.48259708730838696,0.18751712046828364,2.25964323520009,2.058608972867089,1.0,0.07905312521069997,-14.891484263957729,17.092372847035318,0.07905312521069997,-11.912489897856574,17.52833982747417,-0.23035676479991007,,0.058608972867089104,False
plain,Krueger,plain + Krueger,3,0.6651000000000001,0.8051,0.48259708730838696,0.18751712046828364,2.25964323520009,2.058608972867089,1.0,0.07905312521069997,-14.891484263957729,17.092372847035318,0.07905312521069997,-11.912489897856574,17.52833982747417,-0.23035676479991007,,0.058608972867089104,False
split,LE flap,split + LE flap,2,0.6651000000000001,0.8051,0.48259708730838696,0.18751712046828364,2.25964323520009,2.058608972867089,1.0,0.07905312521069997,-14.891484263957729,17.092372847035318,0.07905312521069997,-11.912489897856574,17.52833982747417,-0.23035676479991007,,0.058608972867089104,False
split,Krueger,split + Krueger,3,0.6651000000000001,0.8051,0.48259708730838696,0.18751712046828364,2.25964323520009,2.058608972867089,1.0,0.07905312521069997,-14.891484263957729,17.092372847035318,0.07905312521069997,-11.912489897856574,17.52833982747417,-0.23035676479991007,,0.058608972867089104,False
split,none,split,1,0.6651000000000001,0.0,0.48259708730838696,0.0,2.0721261147318066,1.9273469885392907,1.0,0.07905312521069997,-14.891484263957729,14.720333538424876,0.07905312521069997,-11.912489897856574,15.86791231144686,-0.4178738852681936,,-0.07265301146070935,True
plain,none,plain,1,0.6651000000000001,0.0,0.48259708730838696,0.0,2.0721261147318066,1.9273469885392907,1.0,0.07905312521069997,-14.891484263957729,14.720333538424876,0.07905312521069997,-11.912489897856574,15.86791231144686,-0.4178738852681936,,-0.07265301146070935,True
