alpha,CL,CDi,CMy,CDo_vsp,CDtot_vsp,CD_profile,CD_profile_cos3,M_dd,CD_wave,CD,CD_cos3,L_D,L_D_no_wave,n_stalled,max_cl_ratio,y_max_cl_ratio
-4.0,-0.100494038948,0.000405903615,0.00102851315,0.004476317846,0.004770228455,0.006522525873293202,0.004970254364686036,0.810500333361483,0.0006611533817674082,0.00758958287006061,0.006037311361453444,-13.241049036361266,-14.50459142548861,0,-0.042286175698890184,12.43618
-3.0,0.006261216334,2.204155e-06,0.000209661786,0.004413940742,0.004375580687,0.006324609057016919,0.004819439030404304,0.7971546849602308,0.0008482720228909414,0.007175085234907861,0.005669915208295246,0.8726330251156109,0.9896319243482127,0,0.006312247654515311,8.78894
-2.0,0.113076642215,0.000519045466,-0.000778170259,0.004495395359,0.004883217153,0.006200184025793867,0.004724625446445252,0.7838015145343604,0.001183378926980879,0.007902608418774746,0.006427049839426131,14.308774549218,16.828810855932137,0,0.10884634770435855,8.78894
-1.0,0.219885500767,0.001958999585,-0.001936532814,0.004720605419,0.006294101087,0.006142696799303152,0.004680819389722796,0.7704491651009886,0.001956070079265303,0.010057766463568455,0.0085958890539881,21.86225953480585,27.14067404365128,0,0.2113720426308269,8.78894
0.0,0.326622496126,0.004323307923,-0.003266744323,0.005089052214,0.008607361223,0.006132326975601525,0.004672917441533511,0.7571057994024618,0.003549208300725973,0.014004843199327498,0.012545433665259485,23.322110178404863,31.23889647004476,0,0.31383890169367135,8.78894
1.0,0.433219888941,0.007612038715,-0.004767065082,0.005599770207,0.011818273398,0.0061631642472476785,0.004696415866372555,0.7437798856454177,0.005738243519278114,0.01951344648152579,0.018046698100650668,22.201095503613246,31.44925632880201,0,0.41622170952276716,8.78894
2.0,0.540028543069,0.011824618979,-0.007051434827,0.006251366167,0.015962270654,0.005740737551125186,0.004374520917858897,0.7304275617674232,0.00859094572613318,0.026156302256258365,0.024790085622992078,20.64621129463315,30.74395570296753,0,0.5184784405012401,8.78894
3.0,0.646209503269,0.016958830748,-0.008995302424,0.007041896324,0.020968482532,0.005414429258177306,0.0041258695136692815,0.7171537069300822,0.0121360286205394,0.034509288626716705,0.03322072888220868,18.725668623858905,28.883117752646687,0,0.6205670690122163,8.78894
4.0,0.752046735585,0.023011766815,-0.011108494622,0.007969060784,0.026851357469,0.005524951338907339,0.00421008885826274,0.7039228220755626,0.016423740984004315,0.044960459137911656,0.043645596657267055,16.726847323292958,26.353651864554976,0,0.722445569438821,8.78894
5.0,0.858380254973,0.029975516869,-0.014757616934,0.009030066082,0.033723697015,0.005898400748845144,0.004494662441532505,0.6906298955655619,0.021537228049729306,0.05741114566757445,0.056007407360261816,14.951456637762398,23.927697669295167,0,0.8240719161641799,8.78894
6.0,0.96348790164,0.037835697256,-0.017450834276,0.010221655893,0.041390450259,0.006481912283480672,0.004939306251033038,0.6774902174017521,0.027429423426136895,0.07174703296561757,0.07020442693316993,13.428958129902322,21.740520566247362,0,0.9254208938181687,8.78894
7.0,1.068293199739,0.046576132746,-0.020670065767,0.011540106663,0.049953439314,,,0.6643883363250505,0.03417514370937097,,,,,6,1.0264420716605382,8.78894
8.0,1.17229195364,0.056184713205,-0.023775065254,0.012981253642,0.059332990351,,,0.6513872826526593,0.04176676161617002,,,,,13,1.1270850189510395,8.78894
9.0,1.27554554601,0.066649637614,-0.026951609116,0.014540375347,0.069519297843,,,0.6384793828373648,0.050224992836871374,,,,,17,1.2273161151961727,8.78894
10.0,1.377949489994,0.077956526488,-0.030144507189,0.016212339899,0.0804897903,,,0.6256776989511532,0.05955409042798376,,,,,19,1.327076524532314,8.78894
